pool,token0,token1
0xE5Dc9c75D4514A5a7fe370e636560699bA83C702,0xB31f66AA3C1e785363F0875A1B74E27b85FD66c7,0xf20d962a6c8f70c731bd838a3a388D7d48fA6e15
0xAEc2BECB0711b263C665f1Bc813c1f53F97C991a,0xB31f66AA3C1e785363F0875A1B74E27b85FD66c7,0xB3fe5374F67D7a22886A0eE082b2E2f9d2651651
0x47F1C2a9c9027A10C3b13D1c40DD976C5014339B,0xB31f66AA3C1e785363F0875A1B74E27b85FD66c7,0xde3A24028580884448a5397872046a019649b084
0x27dA820d8159942A8882d339195094cc6eb35453,0x39cf1BD5f15fb22eC3D9Ff86b0727aFc203427cc,0xB31f66AA3C1e785363F0875A1B74E27b85FD66c7
0xa1708efD71E516A2D0Ebd7eC8D877C02d4d2De6d,0x60781C2586D68229fde47564546784ab3fACA982,0xB31f66AA3C1e785363F0875A1B74E27b85FD66c7
0xAe0ffC93315A5215047Ded27880aC50a537e0a2E,0x408D4cD0ADb7ceBd1F1A1C33A0Ba2098E1295bAB,0xB31f66AA3C1e785363F0875A1B74E27b85FD66c7
0xF272D5D0A633c463e3bf4d14C9FB4704057Cd342,0xB31f66AA3C1e785363F0875A1B74E27b85FD66c7,0xf39f9671906d8630812f9d9863bBEf5D523c84Ab
0x787BE602db491E23B9C278673660bBED437F7898,0x008E26068B3EB40B443d3Ea88c1fF99B789c10F7,0xB31f66AA3C1e785363F0875A1B74E27b85FD66c7
0xeDE97B96Adc4593C12aead144B6F2887375A0506,0xB31f66AA3C1e785363F0875A1B74E27b85FD66c7,0xC38f41A296A4493Ff429F1238e030924A1542e50
0xb40a3c121074B4cbc9e366dA64bD0E7a3510E5E6,0xde3A24028580884448a5397872046a019649b084,0xf20d962a6c8f70c731bd838a3a388D7d48fA6e15
0xFd4cBD1bbF1088a02A4D0de6B59E5F4448596F0E,0x39cf1BD5f15fb22eC3D9Ff86b0727aFc203427cc,0xe896CDeaAC9615145c0cA09C8Cd5C25bced6384c
0x927FBa48ED03f5c9c127511499d1E8C23A3Cf8eF,0x39cf1BD5f15fb22eC3D9Ff86b0727aFc203427cc,0x60781C2586D68229fde47564546784ab3fACA982
0x7fC59DE025072756F5C382b157110F94e960019a,0xB31f66AA3C1e785363F0875A1B74E27b85FD66c7,0xE9D00cBC5f02614d7281D742E6E815A47ce31107
0xEA75537C35d26633071Cf25f7F061b13E4E36b54,0x39cf1BD5f15fb22eC3D9Ff86b0727aFc203427cc,0x8cE2Dee54bB9921a2AE0A63dBb2DF8eD88B91dD9
0x46569857A37771Ba898A28b778Fb20b72D885173,0x4C9B4E1AC6F24CdE3660D5E4Ef1eBF77C710C084,0xde3A24028580884448a5397872046a019649b084
0x766885Cf6617c1c4e52033C9283059B779688765,0x39cf1BD5f15fb22eC3D9Ff86b0727aFc203427cc,0xf20d962a6c8f70c731bd838a3a388D7d48fA6e15
0xB0F5aC7C69c582Aa8f5Df254717EF547d6e4ac0E,0xB31f66AA3C1e785363F0875A1B74E27b85FD66c7,0xDC42728B0eA910349ed3c6e1c9Dc06b5FB591f98
0xc9206eEB0c3483A6b7F9Cf0fDdE2cdbc26831AA6,0x6e7f5C0b9f4432716bDd0a77a3601291b9D9e985,0xB31f66AA3C1e785363F0875A1B74E27b85FD66c7
0xf152b27DF4C6cb6A10BC7D573EA4fBf6569266cD,0xB31f66AA3C1e785363F0875A1B74E27b85FD66c7,0xD79A36056c271B988C5F1953e664E61416A9820F
0x034c1B19DaB61b5de448eFc1E10A2E592725C893,0xB31f66AA3C1e785363F0875A1B74E27b85FD66c7,0xbA7dEebBFC5fA1100Fb055a87773e1E99Cd3507a
0x5AE05320976c8b1C37E81B2e77a0b6814500D077,0x76b7285877C3BaE817570e47F0971f81b904BfB7,0xB31f66AA3C1e785363F0875A1B74E27b85FD66c7
0x2d205B9845dEaD678A16815A1A8b4380328549AF,0xB31f66AA3C1e785363F0875A1B74E27b85FD66c7,0xD7c295E399CA928A3a14b01D760E794f1AdF8990
0x576007651142DD1056E8a792533a9c4925748660,0xB31f66AA3C1e785363F0875A1B74E27b85FD66c7,0xe896CDeaAC9615145c0cA09C8Cd5C25bced6384c
0x2c3E6dF8e27DD19399b5880FDbc302de0bc9CDfB,0x61Ed1C66239d29Cc93C8597c6167159e8F69a823,0xB31f66AA3C1e785363F0875A1B74E27b85FD66c7
0x6Ed8E1FeA8fb42f73aB94A559F832643f657b8c3,0xB31f66AA3C1e785363F0875A1B74E27b85FD66c7,0xE4d40C37905d08b08b2Dd60E445aB287eF353E65
0x09657b445dF5BF0141e3EF0f5276a329fc01DE01,0xB31f66AA3C1e785363F0875A1B74E27b85FD66c7,0xc7198437980c041c805A1EDcbA50c1Ce5db95118
0xd602f16f5bD78731cF6b2447ec7CAff0bC01c9FD,0x30049DA4F5a57Bff7C3dF3422413f88F32e13Cf1,0xB31f66AA3C1e785363F0875A1B74E27b85FD66c7
0x3944f2f605f80C491C564a6914F38F734A5E97B1,0xa7809BC3EE459Fc7E0B0496Ffa6AAa177dd51821,0xB31f66AA3C1e785363F0875A1B74E27b85FD66c7
0x9f493E6E74fc84996CCEeC2721929cE3213b70D5,0x97746E000D68943E009569917c3Dc94D2458e996,0xB31f66AA3C1e785363F0875A1B74E27b85FD66c7
0x56f2c8C9Bce12E3519F4322f32D62C9E8997d8DB,0xB31f66AA3C1e785363F0875A1B74E27b85FD66c7,0xF4c1418A7539EE5f4f418fDFDC833210847D6082
0x910b9506A61f938FA69176f4F18304187B8A79a2,0xB31f66AA3C1e785363F0875A1B74E27b85FD66c7,0xBB92f804F2F1F9F1D68a14a5C6a17f242629d389
0x644d6365e287eEDc99A7CCC1977c19a5650C61a4,0x467AF0fB4FbDF658d060CfF4c09C40d634aa66E2,0xB31f66AA3C1e785363F0875A1B74E27b85FD66c7
0xf4Caf7B62728A73c0558eA741cf41365e55826C9,0x463de4fCE991763C1612c3f08c6C5D95579134a0,0xB31f66AA3C1e785363F0875A1B74E27b85FD66c7
0x8Af7d6C0906f0fA10ce5C4b1894F684f1f14a3A8,0x309E29BB5B41b1B693544EFe4cbA9263d39C4Ba9,0xB31f66AA3C1e785363F0875A1B74E27b85FD66c7
0xe9B0fd03e1ce74F96Aff953Ac20b250c4974cfc9,0xB31f66AA3C1e785363F0875A1B74E27b85FD66c7,0xdc9bcb8d3e586F452B1A95B57BBd3845C51E7C38
0x29E10F100AC90cD7c0Cc704c6d0425df04D43613,0xB31f66AA3C1e785363F0875A1B74E27b85FD66c7,0xe677bdc4f5AC7EF7701F4199f25aBAD34d41fd7F
0xC886A81D128D1Ab42564D07333D02ca4B8AB5d0d,0x0C56938DC4bE6fc6B5641445be21644797cE251A,0xe677bdc4f5AC7EF7701F4199f25aBAD34d41fd7F
0xD3A499bb6bE8D5d60e783212B8aa521Dd6AA7C67,0xba03f1886F3659bF30b87aC8a03949602C4664A3,0xf06624d005c62E7263207D7d2d9A5cD590E7Aa39
0x204AE948FAe55288b39c24Fb3132eF69c5EC26F2,0xB31f66AA3C1e785363F0875A1B74E27b85FD66c7,0xb54f16fB19478766A268F172C9480f8da1a7c9C3
0x801a6792604f83485E4993047e7508063C04d605,0x6AFD5A1ea4b793CC1526d6Dc7e99A608b356eF7b,0xB31f66AA3C1e785363F0875A1B74E27b85FD66c7
0xAd070689e55aDb2ed9b2384A466751D32392c329,0xc7198437980c041c805A1EDcbA50c1Ce5db95118,0xFc9c0bEC72D59Ea9e117ff57E4eC494855c86abC
0x24F01f3dCdeE246567029Bce8830a866C9CD2b1e,0x37B608519F91f70F2EeB0e5Ed9AF4061722e4F76,0xe896CDeaAC9615145c0cA09C8Cd5C25bced6384c
0x2FdE1c280a623950b10b6483B9a0C23549c9B515,0x49D5c2BdFfac6CE2BFdB6640F4F80f226bc10bAB,0xB31f66AA3C1e785363F0875A1B74E27b85FD66c7
0xE41f8117d6828482d4797Bd305eac7159dCbC10C,0x8a0cAc13c7da965a312f08ea4229c37869e85cB9,0xB31f66AA3C1e785363F0875A1B74E27b85FD66c7
0x4F4940Fc0A0Af7184C4165aacb483957AB62e96B,0xA9D633A1ac5Aa995C5e4F7d915ADe1Be565A97e8,0xB31f66AA3C1e785363F0875A1B74E27b85FD66c7
0x459Eb852799057912138519eab28c8E0c227C42c,0xA7D7079b0FEaD91F3e65f86E8915Cb59c1a4C664,0xd586E7F844cEa2F87f50152665BCbc2C279D8d70
0x0208F3e7Fd7dA812Be2D54610B61F15b5be43fbf,0x4ACcE12425695DEBF1c54C40423dB998ADF41d9B,0xB31f66AA3C1e785363F0875A1B74E27b85FD66c7
0xe1051D42F623a1794D347AEbeB2612bed2ffC667,0x50b7545627a5162F82A992c33b87aDc75187B218,0xB31f66AA3C1e785363F0875A1B74E27b85FD66c7
0x708c1b2ae45d9F5986bF4fcB0A0120fe0DB20dC3,0xA7D7079b0FEaD91F3e65f86E8915Cb59c1a4C664,0xc7198437980c041c805A1EDcbA50c1Ce5db95118
0x55CF10BFbC6a9deAeB3c7ec0dd96D3C1179CB948,0xB31f66AA3C1e785363F0875A1B74E27b85FD66c7,0xd586E7F844cEa2F87f50152665BCbc2C279D8d70
0x4ed65dAB34d5FD4b1eb384432027CE47E90E1185,0xA7D7079b0FEaD91F3e65f86E8915Cb59c1a4C664,0xB31f66AA3C1e785363F0875A1B74E27b85FD66c7
0x84fe1a84C0448d1dC4199a40fe53DB6A49ed6037,0x37B608519F91f70F2EeB0e5Ed9AF4061722e4F76,0xB31f66AA3C1e785363F0875A1B74E27b85FD66c7
0x979A33a1bF0894F7329450Ec7f1B084cE34A9dEa,0x416d877B11D4ecB09017B1D48Cd32cF110312630,0xB31f66AA3C1e785363F0875A1B74E27b85FD66c7
0x622539d512D66E0FEb890e88E0F4F8F4CF8b212f,0x45CdaF3Fd17BD31d9830Fa977159162DD2431683,0xB31f66AA3C1e785363F0875A1B74E27b85FD66c7
0x6066F756B0726Ac832Ff14b07FFaeB49616ed173,0x596fA47043f99A4e0F122243B841E55375cdE0d2,0xB31f66AA3C1e785363F0875A1B74E27b85FD66c7
0x5b21243564C32b798880488563cd6c33A864ccf3,0x36b6D3f348916c34d619CA1E69a308A5ea71EA17,0xB31f66AA3C1e785363F0875A1B74E27b85FD66c7
0xcBb424fd93cDeC0EF330d8A8C985E8b147F62339,0x130966628846BFd36ff31a822705796e8cb8C18D,0xB31f66AA3C1e785363F0875A1B74E27b85FD66c7
0x37b473780f7f69892629B6B59d5939d40dd2b032,0xB31f66AA3C1e785363F0875A1B74E27b85FD66c7,0xefC42FC9C5d607bed3ED45c2895E60C9aba9110a
0x96075CCaD1De34DCC1Cb18De8c46845ea95D89A5,0xc0b84A8e91aA93205D4342Fd73C0a84141030799,0xc7198437980c041c805A1EDcbA50c1Ce5db95118
0x78c13e7549B56503Dc11A1dBEc284ac01eA24e32,0x5BcDE17c50652aD6148C970F10Bf06647137A7E4,0xB31f66AA3C1e785363F0875A1B74E27b85FD66c7
0xCb03b08d09368592BEAB3b895558431fCC2086Be,0x937E077aBaEA52d3abf879c9b9d3f2eBd15BAA21,0xB31f66AA3C1e785363F0875A1B74E27b85FD66c7
0xb6a3aE0d42E92A5DDf8EfF130b71b1EeEce14a4d,0x8BB0B9D6E637249b32f4c45F9Eefe73D4A1ea9CC,0xB31f66AA3C1e785363F0875A1B74E27b85FD66c7
0xC96e21667D0FaABb02E5C6a1F9355d99F9B16cd4,0xB147656604217a03Fe2c73c4838770DF8d9D21B8,0xB31f66AA3C1e785363F0875A1B74E27b85FD66c7
0x22B97CD8E0DBa9bB6D15Eb97c94Faa8182F48aB3,0xB31f66AA3C1e785363F0875A1B74E27b85FD66c7,0xfbcA7aB8ecBa28EAdDfD189ebCCb6FcDE95B8e2a
0xd312E3DBf9de7Fa7E78BB54316f3c396B0793503,0x8D4416Fd511895227AA46e7BB655203bEF3dCAB4,0xB31f66AA3C1e785363F0875A1B74E27b85FD66c7
0x21FA534B7c81CE348af5Af8974509fFf431078D4,0x10A90575183e8d9c3cc09B684124C58e7c3aEeB0,0xB31f66AA3C1e785363F0875A1B74E27b85FD66c7
0x349495dF940d3B42e7132215fF654564A8BDF3ca,0x11b087545A5b6C8b6Db20a4b910860f5A75E1D8c,0xB31f66AA3C1e785363F0875A1B74E27b85FD66c7
0xB346Ab8D4261A7Ae855448fe456b7E36Bc64b69b,0xB31f66AA3C1e785363F0875A1B74E27b85FD66c7,0xEA31cb7674b192ecDa6d32fDFdD136CeE651B6f2
0x5Acc681537336c637A5cb063450f4e96391aaF85,0x64Bc251b0EB9200948C9155573Cd459C5E17C6a4,0xd586E7F844cEa2F87f50152665BCbc2C279D8d70
0xA25bC1De9C55fF697A6cAA74Ef6c51b131A14244,0x64Bc251b0EB9200948C9155573Cd459C5E17C6a4,0xA7D7079b0FEaD91F3e65f86E8915Cb59c1a4C664
0x349EFD3F57A4a627AFfd500C7c47F990a8175329,0x64Bc251b0EB9200948C9155573Cd459C5E17C6a4,0xc7198437980c041c805A1EDcbA50c1Ce5db95118
0xDF347AD511E5cD692E3633fdb623918560e229d0,0x130966628846BFd36ff31a822705796e8cb8C18D,0x37B608519F91f70F2EeB0e5Ed9AF4061722e4F76
0x80a483B8DD375B1a20De8A0c08602Bc95A30D35f,0x130966628846BFd36ff31a822705796e8cb8C18D,0xdE9E52F1838951e4d2bb6C59723B003c353979b6
0xC873C6F57F7304A840b2341778E6Ff0dF6A0B7b9,0xA32608e873F9DdEF944B24798db69d80Bbb4d1ed,0xB31f66AA3C1e785363F0875A1B74E27b85FD66c7
0xf967658Df1Cfe8963b06E6A9F8028aC80DdC1b80,0xB31f66AA3C1e785363F0875A1B74E27b85FD66c7,0xf693248F96Fe03422FEa95aC0aFbBBc4a8FdD172
0x801074A7D13c007045443cd349B40A659DC3068C,0x53d6CB1396e8ba6D09C553409Ccc34f98530d57F,0xB31f66AA3C1e785363F0875A1B74E27b85FD66c7
0xfC00C4B53F10cd1ACa063Dd5d999cAc612D1f6c4,0x7064Ca2735CEA24Cb84a974f2b960d1E842B42Bf,0xd586E7F844cEa2F87f50152665BCbc2C279D8d70
0x3387200d52e41dBe90e42983D83487d5279c3B92,0x72699ba15CC734F8db874fa9652c8DE12093F187,0xB31f66AA3C1e785363F0875A1B74E27b85FD66c7
0x2895ECa1B0a49184A6C680D0bc5D46Ef51eA2c95,0x47EB6F7525C1aA999FBC9ee92715F5231eB1241D,0xB31f66AA3C1e785363F0875A1B74E27b85FD66c7
0x869dAC7B2317559AA2938B99bAF34c36Dedcaa52,0x1fe7801aaaAeAD28662c268775E43c1BAeF5b54d,0xB31f66AA3C1e785363F0875A1B74E27b85FD66c7
0x7782ea0303cd51f65eE1eB52770185BbC937C8F8,0xB31f66AA3C1e785363F0875A1B74E27b85FD66c7,0xCE1bFFBD5374Dac86a2893119683F4911a2F7814
0x8Ed9dd1986546fBf5eE6eBBDEC934a24074fD3fA,0x02fE8adC1B58A63CCb1Bb8c39930DCEdD7cEF4dB,0xB31f66AA3C1e785363F0875A1B74E27b85FD66c7
0x6cb6cb160bd629AAF07d2e51B3a435d909d01Dd0,0x130966628846BFd36ff31a822705796e8cb8C18D,0xb54f16fB19478766A268F172C9480f8da1a7c9C3
0x06553E53dff0F8D8b1f8193904f69554f7644700,0x136Acd46C134E8269052c62A67042D6bDeDde3C9,0xB31f66AA3C1e785363F0875A1B74E27b85FD66c7
0x55dE93B08c2772d677f1263C3ea91B9d7D4CE79d,0x49D5c2BdFfac6CE2BFdB6640F4F80f226bc10bAB,0x50b7545627a5162F82A992c33b87aDc75187B218
0xbAaed274B088e3BD4e30feA26519ED7d23b7c7c6,0x563CA8141849CdBC70201554b6CF20A2D469EA81,0xB31f66AA3C1e785363F0875A1B74E27b85FD66c7
0xac193A657065571bCB000c3D45857E453bFA2E6B,0x637afeff75ca669fF92e4570B14D6399A658902f,0xB31f66AA3C1e785363F0875A1B74E27b85FD66c7
0x97dE211811E65998759B51ca6C70074bFbD700a5,0x130966628846BFd36ff31a822705796e8cb8C18D,0xE0474c15BC7f8213eE5bfB42f9E68B2d6BE2e136
0x4CcdDB4f289811988DC674593de9D65922cDf0B8,0x130966628846BFd36ff31a822705796e8cb8C18D,0x9235B893a3e61a14b2D02a91EC1394fbF411689E
0x9Ae33CB6e78aEeB65B839C3076616562Bb568f71,0x5279d013f9BdFe00A0ED20c03Ae0217b760DEF88,0xB31f66AA3C1e785363F0875A1B74E27b85FD66c7
0xb3fAEF8Fd91C589652A42B378d7c8e79c5087810,0x7194Cb1e942bA5C8e4801e953bfc801F0b737439,0xB31f66AA3C1e785363F0875A1B74E27b85FD66c7
0xAc6E3eD880C2cFc8224Ac6062577Edc393A7480F,0xB31f66AA3C1e785363F0875A1B74E27b85FD66c7,0xec3492a2508DDf4FDc0cD76F31f340b30d1793e6
0xa980deAfc4B206fC6F3F28a40E8f3A18Eeb0C4C7,0x5BB7C73e0939cd985E2184Ee751f9193E599052b,0xB31f66AA3C1e785363F0875A1B74E27b85FD66c7
0x974374410F36841e8420c25e3dB6D097d3a8aa04,0x6D923f688C7FF287dc3A5943CAeefc994F97b290,0xB31f66AA3C1e785363F0875A1B74E27b85FD66c7
0x81367146505946Ab226c0b518D50F9C9222aC0f4,0x37B608519F91f70F2EeB0e5Ed9AF4061722e4F76,0xb54f16fB19478766A268F172C9480f8da1a7c9C3
0x219eecb04FF04aF03e240118d0784e368ee0436f,0x50b7545627a5162F82A992c33b87aDc75187B218,0xc7198437980c041c805A1EDcbA50c1Ce5db95118
0x37aDc4f9f585d20A844eC018E541759EbA11656C,0x5BB7C73e0939cd985E2184Ee751f9193E599052b,0xc7198437980c041c805A1EDcbA50c1Ce5db95118
0xAb7cA7619d7a884b152C13BF6f88fC9D4eBFB621,0x37B608519F91f70F2EeB0e5Ed9AF4061722e4F76,0x5BB7C73e0939cd985E2184Ee751f9193E599052b
0x64243C2CF1A6BF5D5C537f8617F74Db0f7523154,0x130966628846BFd36ff31a822705796e8cb8C18D,0x5472E93626803fF5c8821d98E8608C39cA33A11C
0x0fE8CC7D92Cc882a59f86235cC99BE6bEA9A740d,0x5472E93626803fF5c8821d98E8608C39cA33A11C,0xB31f66AA3C1e785363F0875A1B74E27b85FD66c7
0x34f06644d50C979f78aA007E5e61D0040762b15E,0xB31f66AA3C1e785363F0875A1B74E27b85FD66c7,0xF873633DF9D5cDd62BB1f402499CC470a72A02D7
0xF5612Ab25db5B1D19CA0a82AA93C8E87bFBC5a5C,0x22d4002028f537599bE9f666d1c4Fa138522f9c8,0xB31f66AA3C1e785363F0875A1B74E27b85FD66c7
0x027d7bD752CCE874561792Cc293CD9f47e0A747D,0x130966628846BFd36ff31a822705796e8cb8C18D,0x22d4002028f537599bE9f666d1c4Fa138522f9c8
0x922e679333d9751E7EC5538C861B7E068837D91a,0x130966628846BFd36ff31a822705796e8cb8C18D,0xed46443C18E38064523180Fc364C6180b35803d3
0x1DdCd23Da377DcBA6A3ee6a48B38C91163dc415D,0x9298753D77238D244bC0318baB9D774dEA5238A4,0xB31f66AA3C1e785363F0875A1B74E27b85FD66c7
0xb266d875bB62497C9ABbAb7BD0DA6e45391A9546,0x49D5c2BdFfac6CE2BFdB6640F4F80f226bc10bAB,0x5947BB275c521040051D82396192181b413227A3
0x4d308C46EA9f234ea515cC51F16fba776451cac8,0x0da67235dD5787D67955420C84ca1cEcd4E5Bb3b,0x130966628846BFd36ff31a822705796e8cb8C18D
0x95a094790671bF61cA9970D2B2C9d4aA0c5Ef5Ad,0x320aDa89DbFA3A154613D2731c9BC3a4030DbA19,0xB31f66AA3C1e785363F0875A1B74E27b85FD66c7
0x37bb7fE11A2620cBf30f2A534a763605920e16FE,0x130966628846BFd36ff31a822705796e8cb8C18D,0xCE1bFFBD5374Dac86a2893119683F4911a2F7814
0x5eCFCa21f29366Ab9E8E1f2C7DE56cdb96037c21,0xA7D7079b0FEaD91F3e65f86E8915Cb59c1a4C664,0xdef1fac7Bf08f173D286BbBDcBeeADe695129840
0x393FDeb9eb0C190372969e5f10A8b86e70609959,0x03943C3ef00d92e130185CeBC0bcc435Def2cC94,0xc7198437980c041c805A1EDcbA50c1Ce5db95118
0x0b212115882252E3640839feACF6CD45a8f419F5,0x130966628846BFd36ff31a822705796e8cb8C18D,0xA7D7079b0FEaD91F3e65f86E8915Cb59c1a4C664
0xE5cddBfd3A807691967e528f1d6b7f00b1919e6F,0x3Ee97d514BBef95a2f110e6B9b73824719030f7a,0xCE1bFFBD5374Dac86a2893119683F4911a2F7814
0xD4F8B6fC89DCD79F3ba297C6180Fd1028d69b9ed,0x130966628846BFd36ff31a822705796e8cb8C18D,0x49D5c2BdFfac6CE2BFdB6640F4F80f226bc10bAB
0xDE687F9aaD2c5033B84D62281241EBb0Ee055f62,0x0da67235dD5787D67955420C84ca1cEcd4E5Bb3b,0xb54f16fB19478766A268F172C9480f8da1a7c9C3
0xCC6Bd32e6F167F0591C449E5Ccbb671E06e0382B,0x57319d41F71E81F3c65F2a47CA4e001EbAFd4F33,0xB31f66AA3C1e785363F0875A1B74E27b85FD66c7
0xA3C0448282f548222FB918268d0c4b506eedB213,0xa4ED6A8b07416Ce77A6D4B3f124Cf8F3A5b76b96,0xB31f66AA3C1e785363F0875A1B74E27b85FD66c7
0x9703E3cF7a02e89fd95DC0EC540Bc2b73fDe2442,0x6e84a6216eA6dACC71eE8E6b0a5B7322EEbC0fDd,0xc7198437980c041c805A1EDcbA50c1Ce5db95118
0x8E0BA7c64E2E69C56CBa9F59A37884559a1b7409,0x130966628846BFd36ff31a822705796e8cb8C18D,0xfB98B335551a418cD0737375a2ea0ded62Ea213b
0xbdc94029846F1698fD7f61318501689225Fd0C3A,0x0da67235dD5787D67955420C84ca1cEcd4E5Bb3b,0x37B608519F91f70F2EeB0e5Ed9AF4061722e4F76
0x3E105e5ACB4dAb409Fb365ba72D7793210ae6e59,0x0da67235dD5787D67955420C84ca1cEcd4E5Bb3b,0xB31f66AA3C1e785363F0875A1B74E27b85FD66c7
0x5fBE35bF97f54EC7CA95EdBc8dfAeB21514739a7,0x63a72806098Bd3D9520cC43356dD78afe5D386D9,0xB31f66AA3C1e785363F0875A1B74E27b85FD66c7
0x322650194D9A421394F4559cA9C7594bddb748e4,0x130966628846BFd36ff31a822705796e8cb8C18D,0x877ADe8c5F4F9CccEDE050BeB1F1a52554C707ce
0x1538d42fAA3ffbe055A3a0E75Ae616C303F2CeA5,0x3Ee97d514BBef95a2f110e6B9b73824719030f7a,0xB31f66AA3C1e785363F0875A1B74E27b85FD66c7
0x234AB6bF95D3AC105eED3B899a7Dc256Bc882B13,0x38B5ff140c4377fD4756fEAd5110e3BD5251eDA8,0xB31f66AA3C1e785363F0875A1B74E27b85FD66c7
0x22f371feBEd3519f76D68E0AC303Fa6a2d2FdDD4,0xB31f66AA3C1e785363F0875A1B74E27b85FD66c7,0xD60e9aB480Da5012D66b8c5F486BAb57Cf45e431
0x6F8d57A2254FF0badD9e6086FAD9924f29c663d6,0x9f6d821b80f0AC23A6E06b863C560D465a1E8c46,0xB31f66AA3C1e785363F0875A1B74E27b85FD66c7
0x7223AAF122C5e206dFDA6b18F4eAFbd539d94FEF,0xB31f66AA3C1e785363F0875A1B74E27b85FD66c7,0xCf8e47742f02F8240dd7655aec207b02De45d998
0x3730c99811FEa9cA1Dd977dDd6D3b80F8a0BEbeA,0xB31f66AA3C1e785363F0875A1B74E27b85FD66c7,0xCD1bb91f4eCa93217421316480cA7D7C315827E5
0x669328b7aDbcc15da8949FAadd78a09EF025c1F8,0x49D5c2BdFfac6CE2BFdB6640F4F80f226bc10bAB,0xA7D7079b0FEaD91F3e65f86E8915Cb59c1a4C664
0x9501A14D772F1aa8aA4fDb042549fe7BEf0FD319,0x0da67235dD5787D67955420C84ca1cEcd4E5Bb3b,0xCE1bFFBD5374Dac86a2893119683F4911a2F7814
0x7aF2fD8e8094B902F457AF489FC79F0aaC63CE41,0x130966628846BFd36ff31a822705796e8cb8C18D,0x4d308C46EA9f234ea515cC51F16fba776451cac8
0x204E814dD86DE92F4148733d68Ed88300fC50f89,0x3EeFb18003D033661f84e48360eBeCD181A84709,0xB31f66AA3C1e785363F0875A1B74E27b85FD66c7
0x1aaA28A4B6AacAD1Ee55b6E44d6b557976235724,0xA7D7079b0FEaD91F3e65f86E8915Cb59c1a4C664,0xD036414fa2BCBb802691491E323BFf1348C5F4Ba
0xBF12Ca918c7e8Cb260F480e74fdb99F5E0DE5E8B,0xB31f66AA3C1e785363F0875A1B74E27b85FD66c7,0xD036414fa2BCBb802691491E323BFf1348C5F4Ba
0xE2553DB876922aCBfb8EC5d7E46E0C89D0dC6375,0xaFc43610C7840b20b90CAaF93759bE5b54B291c9,0xB31f66AA3C1e785363F0875A1B74E27b85FD66c7
0x8F2473319C6aB8bfeac00b2FCC8fB7D0091a9423,0xAff6268287211783cA7C9934D5234765F57e98B6,0xd586E7F844cEa2F87f50152665BCbc2C279D8d70
0xb599E3Cc5e7730865E74d78F2b9B67fDC627b743,0x130966628846BFd36ff31a822705796e8cb8C18D,0x63682bDC5f875e9bF69E201550658492C9763F89
0x9E163143f6Eedd99388295E9F2b60a71303e0c90,0x63682bDC5f875e9bF69E201550658492C9763F89,0xB31f66AA3C1e785363F0875A1B74E27b85FD66c7
0x2cBec2F846daefa8c1f5c3E12dCB56Ee41a5750F,0x8729438EB15e2C8B576fCc6AeCdA6A148776C0F5,0xB31f66AA3C1e785363F0875A1B74E27b85FD66c7
0xc0cEd84C67Cbb2d49674CCb234397BE8d216c3ac,0x0da67235dD5787D67955420C84ca1cEcd4E5Bb3b,0x63682bDC5f875e9bF69E201550658492C9763F89
0xE9b119fd58B0c30ED6460C6293d36f54ddA68a39,0x63682bDC5f875e9bF69E201550658492C9763F89,0xc7198437980c041c805A1EDcbA50c1Ce5db95118
0xF93c610dD478d2E9Fa47aa00eE3b726C6aC1C376,0x0da67235dD5787D67955420C84ca1cEcd4E5Bb3b,0xA7D7079b0FEaD91F3e65f86E8915Cb59c1a4C664
0x53212695048d8637D2224daB157a7358Df52901a,0x130966628846BFd36ff31a822705796e8cb8C18D,0x39912D83acb4A373321387300f4FBE88Aa5d6F14
0xB1B9F5981079Fb7CCE67cfc1F104a3Cccef1bC86,0x39912D83acb4A373321387300f4FBE88Aa5d6F14,0xB31f66AA3C1e785363F0875A1B74E27b85FD66c7
0x2Ae44EBd41EB863Da65B320AB7B8688c6f43C156,0xc7198437980c041c805A1EDcbA50c1Ce5db95118,0xCaB9980aa9Ea8A84f33F6ead1883db4D48d9E130
0x3A642516dCb60300b7558c3c813899e799403Ef7,0x0da67235dD5787D67955420C84ca1cEcd4E5Bb3b,0xc7198437980c041c805A1EDcbA50c1Ce5db95118
0xd09EB71F553400164C56cCdd22f7f6e07707793a,0x0da67235dD5787D67955420C84ca1cEcd4E5Bb3b,0x4d308C46EA9f234ea515cC51F16fba776451cac8
0x32879D0d48683fd0802E9a65c6959EEEfD682E3F,0x130966628846BFd36ff31a822705796e8cb8C18D,0x3Ee97d514BBef95a2f110e6B9b73824719030f7a
0x6d1eC26876Aabb159eD235cCb8aac4848fBa26C0,0x39912D83acb4A373321387300f4FBE88Aa5d6F14,0xA7D7079b0FEaD91F3e65f86E8915Cb59c1a4C664
0x1cfEa18FA40990c0a6662504D78E881a3eF6d7bF,0x130966628846BFd36ff31a822705796e8cb8C18D,0xF945e994D8B42157CC3806eAED6dC85bB10DaBd0
0x523b1B7788Ae3C0C830F984474EBFc060BDfb891,0x365D19CD734EF0872ceA6E267d7FF6340FAD200C,0xB31f66AA3C1e785363F0875A1B74E27b85FD66c7
0x06e893b1c41eBac52C9030CC019eF5A69b2257e8,0x68E10906b190321591Fb8d7E667e731760D2Ebf0,0xB31f66AA3C1e785363F0875A1B74E27b85FD66c7
0xeC7b51Ebf3957B31B4A41DB857a6C3Ca5B5DE383,0x3980C6aF4C39253FE560bB3e5A77581f5d69daFC,0xB31f66AA3C1e785363F0875A1B74E27b85FD66c7
0x42ef8D041aFae686b357D90d7DE82dBAf7aa4D66,0x46c9754A08cfAbAB72493a3385B7ff3eb8fe76c1,0xB31f66AA3C1e785363F0875A1B74E27b85FD66c7
0xfa694732bd6f00601D4Ca779F5380459271E576e,0x264c1383EA520f73dd837F915ef3a732e204a493,0xc7198437980c041c805A1EDcbA50c1Ce5db95118
0x2C50F9FDd6acA6B69a1317B8Ea58C42EA67C3D0D,0x49D5c2BdFfac6CE2BFdB6640F4F80f226bc10bAB,0xe0Ce60AF0850bF54072635e66E79Df17082A1109
0x998542870912c50806800Be82DC79EED82c992E4,0x0da67235dD5787D67955420C84ca1cEcd4E5Bb3b,0x6e84a6216eA6dACC71eE8E6b0a5B7322EEbC0fDd
0x20Db83f261dd78F656d47e49f6Ba94D05aCd9404,0x37B608519F91f70F2EeB0e5Ed9AF4061722e4F76,0x63682bDC5f875e9bF69E201550658492C9763F89
0x35eB96913cbbB127e24b00dEB4a26F67f2510Ea2,0x130966628846BFd36ff31a822705796e8cb8C18D,0xfBB4a402adc589B06Fff952D36f860dD78ea24Be
0xd311cB6617f0703d9DD81C88f3aaAf9fA3c0468D,0x0da67235dD5787D67955420C84ca1cEcd4E5Bb3b,0x49D5c2BdFfac6CE2BFdB6640F4F80f226bc10bAB
0x30d11d9cE7f455c71E6b972AacF2Cf000967A9DF,0x130966628846BFd36ff31a822705796e8cb8C18D,0x8729438EB15e2C8B576fCc6AeCdA6A148776C0F5
0x52E48172C646b81Cb35bBB557F531FC4ECe58A6C,0x264c1383EA520f73dd837F915ef3a732e204a493,0xB31f66AA3C1e785363F0875A1B74E27b85FD66c7
0x7aDed8786cf28373cA1c671868a9DeE6C9c5A434,0xB31f66AA3C1e785363F0875A1B74E27b85FD66c7,0xBe217b06d3233D56938aA2a8cd1Ac728c9DC848A
0x0955D47cE44f7a44A433f0835dBB66cD964B4977,0xB31f66AA3C1e785363F0875A1B74E27b85FD66c7,0xcaF5191fc480F43e4DF80106c7695ECA56E48B18
0x7ad3509Fdb4992a20f6aCd8eD0ae48f10a6D2135,0x130966628846BFd36ff31a822705796e8cb8C18D,0x588D693921929b8552bd576Db60B5bcd23BE1394
0x03ab5800f69E8741119bC2dbB8AE6BdF65f59743,0x625fc9bb971BB305A2Ad63252665DcFE9098bEE9,0xB31f66AA3C1e785363F0875A1B74E27b85FD66c7
0xD545d487c6F54aD6747633CaC513d3992276B679,0x0da67235dD5787D67955420C84ca1cEcd4E5Bb3b,0x50b7545627a5162F82A992c33b87aDc75187B218
0x516C10Da99faa74d4597A5E0f72Bf8B62a34F28C,0xb54f16fB19478766A268F172C9480f8da1a7c9C3,0xF2F7CE610a091B94d41D69f4fF1129434a82E2f0
0xF34B86ddaB4B7d0Fb5269b074d8Bd2DE397D2dDC,0x5947BB275c521040051D82396192181b413227A3,0xB31f66AA3C1e785363F0875A1B74E27b85FD66c7
0x790c840B774d8f02ebDAd9Ddb74331614B535cEF,0x61A47034276eb993e1C5E67BF1375aD0A48F10F6,0xd586E7F844cEa2F87f50152665BCbc2C279D8d70
0x3Bd621EC8e8D44fA2ee63f809C89E1A2AC9Dcfe6,0x130966628846BFd36ff31a822705796e8cb8C18D,0x61A47034276eb993e1C5E67BF1375aD0A48F10F6
0xF642F80655c63F687eaF12838cEaF2909d31EF52,0x321E7092a180BB43555132ec53AaA65a5bF84251,0xB31f66AA3C1e785363F0875A1B74E27b85FD66c7
0x540342d9aB5D1Fc10fb3E34e0b6DA76ECedF4074,0x656B51CB40292F60BBBBb80262BaFC28Ca7115d5,0xB31f66AA3C1e785363F0875A1B74E27b85FD66c7
0x764c6EA377d3E1282e2Cddc13b6d546c51071829,0x656B51CB40292F60BBBBb80262BaFC28Ca7115d5,0xc7198437980c041c805A1EDcbA50c1Ce5db95118
0x20A78028f055BbaF490685C0F500dAE548F7eD35,0xB31f66AA3C1e785363F0875A1B74E27b85FD66c7,0xC7f4debC8072e23fe9259A5C0398326d8EfB7f5c
0x028da43daba6C2e624EC70fb51F109EdD4a9ff5f,0x718a00c9CDAcb4BBDAA824497Ee3fe699f0D74F8,0xB31f66AA3C1e785363F0875A1B74E27b85FD66c7
0x13F1B8050b7680E0f83d02A1FbdA02D30FDF0B60,0x1dE16C67253f1359999f2eDf4BB483CfAEA23c93,0xB31f66AA3C1e785363F0875A1B74E27b85FD66c7
0x00E962108275521949c7E8088c13A31FB8fd4a88,0x85DbD0ACbCBB4621A2E2B1fD198119B79F76016c,0xB31f66AA3C1e785363F0875A1B74E27b85FD66c7
0xFeE7a0FD5cDE5e3FB0e0BD30026547715ab7450D,0x49D5c2BdFfac6CE2BFdB6640F4F80f226bc10bAB,0xCE1bFFBD5374Dac86a2893119683F4911a2F7814
0x41997150Ef38A3091f5FA3191f529e1f0cFAC1E3,0x46d4bD30C19043241fce27eeb03f4c648B4E4C24,0xB31f66AA3C1e785363F0875A1B74E27b85FD66c7
0x3ab52b93fa04803508a3154A257F0498289dD58D,0x0da67235dD5787D67955420C84ca1cEcd4E5Bb3b,0x57319d41F71E81F3c65F2a47CA4e001EbAFd4F33
0x7A8cC3Fc25687526871ba9FC238dAB6d3d210b69,0xA7D7079b0FEaD91F3e65f86E8915Cb59c1a4C664,0xCE1bFFBD5374Dac86a2893119683F4911a2F7814
0x9737714774d8a2d8d4B8910e36e1507Cad783a7d,0x130966628846BFd36ff31a822705796e8cb8C18D,0x1Dff04513F5f50afB2cff7fC66F4Fd84290E5d0E
0x630907FA6bA197AA2629654340Cbd588C52E5944,0x30dF229cefa463e991e29D42DB0bae2e122B2AC7,0x5Ac3786CbE72B1b7B313692a37ac850545B6C749
0x3026eEe7DF0C3376663405B525981a44DB3266BD,0xB31f66AA3C1e785363F0875A1B74E27b85FD66c7,0xe8ac210Cd57D5672c24D7a88E8940897ecfA493C
0xc56187f96a78AE17BAD88df39B2BEEBC02cF26dE,0x1d60109178C48E4A937D8AB71699D8eBb6F7c5dE,0xDd4115BBBc2555d3D3053FF42aDE45BEbc2f2dDc
0x3A9118436e893E7044762ef2085FDe1698C223ab,0x296865984B9A240d3fC50077a1bF28DEEEc164cf,0xB31f66AA3C1e785363F0875A1B74E27b85FD66c7
0x320F2d7EAB9D8AA30337F71a6e5e3fDF2E749C2c,0x130966628846BFd36ff31a822705796e8cb8C18D,0x296865984B9A240d3fC50077a1bF28DEEEc164cf
0xA6AE2Bd050902cb513F78cE3786FEB3448650e6e,0xB31f66AA3C1e785363F0875A1B74E27b85FD66c7,0xf3e85d55F2fEd5Cf05451251956Ca2a7d01e2A6A
0xb73c30C2741B8C62730B58B10CeAa55bdDdA7327,0x6e84a6216eA6dACC71eE8E6b0a5B7322EEbC0fDd,0xB31f66AA3C1e785363F0875A1B74E27b85FD66c7
0x0E6C7e325e835933043FbC14889555d3a4f925BF,0x130966628846BFd36ff31a822705796e8cb8C18D,0xc7198437980c041c805A1EDcbA50c1Ce5db95118
0x48c82D8bDeb4D9cF5242c52D37fb4705661a8018,0x0da67235dD5787D67955420C84ca1cEcd4E5Bb3b,0x656B51CB40292F60BBBBb80262BaFC28Ca7115d5
0x58A21026799D1bf3b968A15383Db05f61e2bac43,0x704EAE6d452Ca63Ce479C59727177c5f3bA0D90C,0xB31f66AA3C1e785363F0875A1B74E27b85FD66c7
0xcB50e3Be938244F54D8596093fE75560FdF446B6,0x18BefCa3669d727987c528eD808A8EF27bCDC543,0xB31f66AA3C1e785363F0875A1B74E27b85FD66c7
0x64E7A80E8781c1C4B852dd9CE34f36C85031349C,0xB31f66AA3C1e785363F0875A1B74E27b85FD66c7,0xd3F12F3bB379eE6432De9A6ea3174F80C0D23E4E
0x5f17338E56bD644C804690FEF778b4D6f2A9C0a0,0xB31f66AA3C1e785363F0875A1B74E27b85FD66c7,0xD806a4a473E44578796898A4c546f575D7247b2B
0x31a6c8706b8114691Bc42EEC6266cEefe1781471,0x38B00FDf5f57831Ca168676A71D860D1f084C84c,0xB31f66AA3C1e785363F0875A1B74E27b85FD66c7
0x7b4Fde48f4f05849A38Bc805CaD0Aa24E5b59D87,0x9e6832D13b29d0B1C1c3465242681039b31C7a05,0xB31f66AA3C1e785363F0875A1B74E27b85FD66c7
0x5fc64D152A18DB272b1B3d4B01f51A92186C4DAC,0x01fA33E38FED26Bc9568b8CB595C76b46fe3a1B6,0xB31f66AA3C1e785363F0875A1B74E27b85FD66c7
0xC8990fd4eD2995c7E7e58eAc2afA7f6C6258a786,0x63682bDC5f875e9bF69E201550658492C9763F89,0xd586E7F844cEa2F87f50152665BCbc2C279D8d70
0x3F309dD3D9B8448276F7EE768AE22A28D4B27e29,0xB31f66AA3C1e785363F0875A1B74E27b85FD66c7,0xC0367f9b1f84Ca8DE127226AC2A994EA4bf1e41b
0x99F34CF42502225C9CdDE2807321bb96011BaCA1,0x130966628846BFd36ff31a822705796e8cb8C18D,0xB506bc763cD80ed407a9d3F61080C4E82F7cB77E
0xf3C18b71080deFEe88aFBf957e1Ed468a03b8d53,0x1C47A860276407a57349AB6Aa37D4935522E9942,0xB31f66AA3C1e785363F0875A1B74E27b85FD66c7
0xb5CeC7C5896f790a8d7c5588662d2A0eEfE4726C,0x7D60c4862BF03905Cebf9aF435Cf9229525361D4,0xB31f66AA3C1e785363F0875A1B74E27b85FD66c7
0xCDF9563bC8C3384Af24F373f4800eF713103Aca9,0xB31f66AA3C1e785363F0875A1B74E27b85FD66c7,0xf3C18b71080deFEe88aFBf957e1Ed468a03b8d53
0xc4C4ecd2e98eBb3754a00B04345ce7ec98C9ce08,0xd586E7F844cEa2F87f50152665BCbc2C279D8d70,0xd9F64084Af01A73628Fa79b1D65c5000795DdB99
0x218407bF512af30ACe717C9cf322F951D116e88B,0x3493749D7AB801E8bA9b03dA7595203a97D3D7a0,0x4601AB5BEF376d276775a901eFbeFa2F89362ffb
0xb44CE3F27D1FC145fd3CBD4F59C32cb9BE154b33,0x18E2269F98DB2eda3CFc06E6cCA384b291e553d9,0xd586E7F844cEa2F87f50152665BCbc2C279D8d70
0x801d73B81387b823de1828302F01518f8AB7A716,0x93Ca13028Aa1658327e65F18D3F68F9905F8436e,0xB31f66AA3C1e785363F0875A1B74E27b85FD66c7
0x9A607EA488EefC9c71e13a139092d015086b8211,0x18E2269F98DB2eda3CFc06E6cCA384b291e553d9,0xB31f66AA3C1e785363F0875A1B74E27b85FD66c7
0x41035d66b695914452851F7D01898199272e0d72,0x3893c15fC570487e745C9fB5c1093Cdd226aD64e,0x93Ca13028Aa1658327e65F18D3F68F9905F8436e
0x10b130a529f9C0c1c9DbE92d5FCd590651E9524D,0x23f07a1C03e7C6D0C88e0E05E79B6E3511073fD5,0xB31f66AA3C1e785363F0875A1B74E27b85FD66c7
0x8e6E3A753856D1cF3825B154D5511de320e1CED3,0x93Ca13028Aa1658327e65F18D3F68F9905F8436e,0xA7D7079b0FEaD91F3e65f86E8915Cb59c1a4C664
0x041290b3571518dE62c6B91f06C144c7A8d9f30a,0x3893c15fC570487e745C9fB5c1093Cdd226aD64e,0xB31f66AA3C1e785363F0875A1B74E27b85FD66c7
0xfBB4c95840f1bc947983CE0143667C45F2B582fE,0x3893c15fC570487e745C9fB5c1093Cdd226aD64e,0xA7D7079b0FEaD91F3e65f86E8915Cb59c1a4C664
0xE8603F84AF197CE4ee0344B9a175853006123602,0x436E29d38F81AfafA08903c5dC268B6be5722e1b,0xB31f66AA3C1e785363F0875A1B74E27b85FD66c7
0x14479D0e9F5FdCc031094E0E770EeE3e0f1F3DA1,0x628745700716A547912F23e89Ad86007D93e1b82,0xB31f66AA3C1e785363F0875A1B74E27b85FD66c7
0xA7DaFF062C182602e98174760f7E8D761813917b,0x93Ca13028Aa1658327e65F18D3F68F9905F8436e,0xd586E7F844cEa2F87f50152665BCbc2C279D8d70
0xCD588ce1786C302879CDE8d90c179d863550852C,0x3893c15fC570487e745C9fB5c1093Cdd226aD64e,0xd586E7F844cEa2F87f50152665BCbc2C279D8d70
0x4B1a5926C464343B470f1d0A297F1f415096Fb5f,0x8835F17f07214754bef9180756eeb7C6DA116606,0xB31f66AA3C1e785363F0875A1B74E27b85FD66c7
0xE29FB1242098D3574AeB733Ab0a4357B03b8230C,0x592EB2F978C71dbBB36Ef5D3064A32206bD22a21,0xA7D7079b0FEaD91F3e65f86E8915Cb59c1a4C664
0x33a0825D4f7374ccDfB52524CD3f8Cb8398280be,0x02D980A0D7AF3fb7Cf7Df8cB35d9eDBCF355f665,0xB31f66AA3C1e785363F0875A1B74E27b85FD66c7
0xEF26750A2d1645C2e6488aFA18F1fb9870AFF6d9,0x1ddF8d5F0d67539e841bE7405815bC0E4Cd10783,0x49f87f6C09B22CBc19E2D41258cA76E0BBE7aA72
0x7ca47c7c50D6A48F90B3bB472a9cECd91EDc7884,0x49D5c2BdFfac6CE2BFdB6640F4F80f226bc10bAB,0xd586E7F844cEa2F87f50152665BCbc2C279D8d70
0x573D76b5988Ff7ACeCF1E381e1B3589b5Ef44A20,0xB31f66AA3C1e785363F0875A1B74E27b85FD66c7,0xd54E41a0bE7ad7A59384d5972D47cb003134b380
0x2d83ce7e3781E2E08622FD1cDfABB65aF3fa4F58,0x9e20Af05AB5FED467dFDd5bb5752F7d5410C832e,0xB31f66AA3C1e785363F0875A1B74E27b85FD66c7
0xe943e645c98962119E069f70aec325e22ac3741A,0x37B608519F91f70F2EeB0e5Ed9AF4061722e4F76,0x49D5c2BdFfac6CE2BFdB6640F4F80f226bc10bAB
0x4C55851a051f3Ae6f6F327c18fe578E52c5C9cfe,0xA608D79C5f695C0D4C0E773A4938b57e18e0fc57,0xc7198437980c041c805A1EDcbA50c1Ce5db95118
0x518e5fAD6FEBB2203Fadd611512A441F716e74B5,0x4a3418eBc0315092D87Fb2c6297F552768cc4C74,0xB31f66AA3C1e785363F0875A1B74E27b85FD66c7
0xC31E215405BF5c858301314E9B664293be3d9886,0xA87E1377b4e2BFA03a822E4248cB5c5b13A61e92,0xB31f66AA3C1e785363F0875A1B74E27b85FD66c7
0x3dc6eDd88BCee513d083C8cfFbd5e811E9b4fcF1,0xB31f66AA3C1e785363F0875A1B74E27b85FD66c7,0xD0c893034fc04f603B1d71b00A39923342d312f4
0xdB6D6cFEb658860d16De46D203Ab8E7F9DECb6D4,0x130966628846BFd36ff31a822705796e8cb8C18D,0x64Bc251b0EB9200948C9155573Cd459C5E17C6a4
0x4EC22a8FDF4a81621f496F6cC84fA36F20494F66,0x12aa123EF603A38075C32e054AedF76E8AE52b90,0xB31f66AA3C1e785363F0875A1B74E27b85FD66c7
0x509210DaeCa3Fa714702bEcCcbA4DFfAcc8E7eF5,0x130966628846BFd36ff31a822705796e8cb8C18D,0x5541D83EFaD1f281571B343977648B75d95cdAC2
0x250CD25f33bAf60AD2768d0a6A492B074d8A25a0,0x5541D83EFaD1f281571B343977648B75d95cdAC2,0xC55036B5348CfB45a932481744645985010d3A44
0x3f152b67fd8739fC3A48fBBfc445f5eE2bb591B5,0xc7198437980c041c805A1EDcbA50c1Ce5db95118,0xd586E7F844cEa2F87f50152665BCbc2C279D8d70
0x7a6f4Ce1180f0fF874a2a31141F85d5ec1B8149d,0x36382b14f1E7A70d71e5a6c31F9D5D917707A70f,0xd586E7F844cEa2F87f50152665BCbc2C279D8d70
0x4CF9dC05c715812FeAD782DC98de0168029e05C8,0x75739a693459f33B1FBcC02099eea3eBCF150cBe,0xA7D7079b0FEaD91F3e65f86E8915Cb59c1a4C664
0x090313f16E1bd2Ee9eCFDC047C27832c248a2BA4,0x130966628846BFd36ff31a822705796e8cb8C18D,0xC55036B5348CfB45a932481744645985010d3A44
0x783C0Eff1112F3C4139Dcb661c3Fc57CA9Ba6f3b,0x237917E8a998b37759c8EE2fAa529D60c66c2927,0x49D5c2BdFfac6CE2BFdB6640F4F80f226bc10bAB
0x36d9E666444bEb8aE525d7bA3A9b3fFdFaf0a066,0x62a1884539B902AEE666e88A2c5A364f9B397D76,0xc7198437980c041c805A1EDcbA50c1Ce5db95118
0x35e50AdA0c215f88840aC48Ae1E9C51210e34840,0xd586E7F844cEa2F87f50152665BCbc2C279D8d70,0xF9E1a4866F344495E1956d59A7e2bCebb0BfBFaF
0xfBBf95F1A2Bd79fAe772D14F18E38e8D4357a289,0x270aE074BAfa4f8b2751363721baDC81a09Dc0b0,0xB31f66AA3C1e785363F0875A1B74E27b85FD66c7
0xa21b89642A158b6B5F7c5428A49ABC62c5dB6860,0xB0a6e056B587D0a85640b39b1cB44086F7a26A1E,0xB31f66AA3C1e785363F0875A1B74E27b85FD66c7
0x9F10f842145dD5354a28CB16B7d5f946232D66e0,0x551267B11706b0fCCa2BA621661ea83400526C12,0xB31f66AA3C1e785363F0875A1B74E27b85FD66c7
0xeaD6684e18499a43FC020D2D54cdAb8c5AD858c2,0x59167b7449E942B893dCC2D3e0D403701aB3e1c8,0xB31f66AA3C1e785363F0875A1B74E27b85FD66c7
0xDff5BC696C32DD6cDD9A83F5190201670E39D3E8,0x453922C505D6Ba219D0fAdE04013f0534C54046B,0xB31f66AA3C1e785363F0875A1B74E27b85FD66c7
0xf7EC52cE066C8285A2Fdf62CC5938B555603732b,0x4d8d24968458af521ef02aefD95f161dF3f9Ea01,0xB31f66AA3C1e785363F0875A1B74E27b85FD66c7
0x34371A41B4C236a17eD85689DCed682037E69Cf5,0xB31f66AA3C1e785363F0875A1B74E27b85FD66c7,0xd48E5873db000E862cEa4fd17A07162B9026Ee4b
0xDFa9246Ea4Cf0C5C1C680D0A2Ba9CE085E4af594,0xB31f66AA3C1e785363F0875A1B74E27b85FD66c7,0xD88b18A20Fcf47d62aac91A1dB5F3857f3433783
0x4Dc85c4FcFa2E9ff11FA7F6b4003aB96d758b5D6,0xB31f66AA3C1e785363F0875A1B74E27b85FD66c7,0xb85fA42DcB31a1733a4F816BD6aa966614316FbD
0x0fB747d5Db225d381b7b5BAA466be0c1390DA767,0x9510880BAAe443c1Af131DCA014154953590c337,0xB31f66AA3C1e785363F0875A1B74E27b85FD66c7
0x2baF212196b0E85946CCa6E9F1B219431d4B9D06,0x135F60309B7Ed333fdBE1B64019dA721E5dC0036,0xB31f66AA3C1e785363F0875A1B74E27b85FD66c7
0x29488375275eBB2dFB09C1E5D6119D677606da7B,0xA33fAc40f62B7Aa975d8835EAa8a4df8b74161bd,0xB31f66AA3C1e785363F0875A1B74E27b85FD66c7
0x6539bF462F73fF9497054bA261C195DA8639ED61,0xB31f66AA3C1e785363F0875A1B74E27b85FD66c7,0xB97EF9Ef8734C71904D8002F8b6Bc66Dd9c48a6E
0x454eb80D24944a3e16FBe567d5e115593FF3703f,0x885748FD6b1011363159B8376236468C4039aC7a,0xA33fAc40f62B7Aa975d8835EAa8a4df8b74161bd
0x2709463CA279C8678ECB4fF9cB780fB9b4991FF2,0x672d459acb1bca9be286ECE0cF1e6aA776Ee04AF,0xA33fAc40f62B7Aa975d8835EAa8a4df8b74161bd
0x0DC71d8f097dB80cD203fd5CC6D2C6a90489a66A,0x027dbcA046ca156De9622cD1e2D907d375e53aa7,0x75739a693459f33B1FBcC02099eea3eBCF150cBe
0xEf0918dB71dce3735Da2B1Ed097cBb380bDAfdE8,0x027dbcA046ca156De9622cD1e2D907d375e53aa7,0xA7D7079b0FEaD91F3e65f86E8915Cb59c1a4C664
0xc82c535Ac8a665b8a2c1A414A8bb0A3Cc7923c77,0xA7D7079b0FEaD91F3e65f86E8915Cb59c1a4C664,0xB97EF9Ef8734C71904D8002F8b6Bc66Dd9c48a6E
0x19A1C50d22Ad1dC22726D880C9F578e2902c1d4b,0x0da67235dD5787D67955420C84ca1cEcd4E5Bb3b,0x237917E8a998b37759c8EE2fAa529D60c66c2927
0xF39AA44bfe0c0168D057C880E6B3be9bc270E05a,0x2C1309B52EFbf69E3CC497594Ad002362f254624,0xB31f66AA3C1e785363F0875A1B74E27b85FD66c7
0x8cD301d1959c5Bd1438A33b7Ea0Cd7b6Add3E19d,0x94a7f270cd12545A277E656266Aef5e27dF3Eb28,0xB97EF9Ef8734C71904D8002F8b6Bc66Dd9c48a6E
0x1F747042c0a2FF571f04ac1D1510572Dee55c9f9,0x6a1E8479643bf2A970EB566A3170D889aD9AdE7b,0xB31f66AA3C1e785363F0875A1B74E27b85FD66c7
